<?xml version="1.0" encoding="UTF-8"?>
<project-private xmlns="http://www.netbeans.org/ns/project-private/1">
    <editor-bookmarks xmlns="http://www.netbeans.org/ns/editor-bookmarks/2" lastBookmarkId="0"/>
    <open-files xmlns="http://www.netbeans.org/ns/projectui-open-files/2">
        <group>
            <file>file:/C:/Users/Toshiba/Documents/NetBeansProjects/formkasir/src/formkasir/FormPelanggan.java</file>
            <file>file:/C:/Users/Toshiba/Documents/NetBeansProjects/formkasir/src/JFrame.java</file>
            <file>file:/C:/Users/Toshiba/Documents/NetBeansProjects/formkasir/src/datapelanggan.java</file>
            <file>file:/C:/Users/Toshiba/Documents/NetBeansProjects/formkasir/src/f0rmkasir.java</file>
            <file>file:/C:/Users/Toshiba/Documents/NetBeansProjects/formkasir/src/ActionEvent.java</file>
            <file>file:/C:/Users/Toshiba/Documents/NetBeansProjects/formkasir/src/formkasir/FormApp.java</file>
        </group>
    </open-files>
</project-private>
