<?xml version="1.0" encoding="UTF-8"?>
<project-private xmlns="http://www.netbeans.org/ns/project-private/1">
    <editor-bookmarks xmlns="http://www.netbeans.org/ns/editor-bookmarks/2" lastBookmarkId="0"/>
    <open-files xmlns="http://www.netbeans.org/ns/projectui-open-files/2">
        <group>
            <file>file:/C:/Users/solit/Documents/New%20Folder/sisteminformasimanajemensekolah/sisteminformasimanajemensekolah/src/menu.java</file>
            <file>file:/C:/Users/solit/Documents/New%20Folder/sisteminformasimanajemensekolah/sisteminformasimanajemensekolah/src/guru.java</file>
            <file>file:/C:/Users/solit/Documents/New%20Folder/sisteminformasimanajemensekolah/sisteminformasimanajemensekolah/src/mata_pelajaran.java</file>
            <file>file:/C:/Users/solit/Documents/New%20Folder/sisteminformasimanajemensekolah/sisteminformasimanajemensekolah/src/login.java</file>
            <file>file:/C:/Users/solit/Documents/New%20Folder/sisteminformasimanajemensekolah/sisteminformasimanajemensekolah/src/siswa.java</file>
            <file>file:/C:/Users/solit/Documents/New%20Folder/sisteminformasimanajemensekolah/sisteminformasimanajemensekolah/src/kelas.java</file>
        </group>
    </open-files>
</project-private>
